www.amazon.com,www.alibaba.com
www.amazon.com,www.ebay.com
www.alibaba.com,www.amazon.com
www.alibaba.com,www.ebay.com
www.ebay.com,www.amazon.com
www.ebay.com,www.alibaba.com
www.facebook.com,www.google.com
www.facebook.com,www.amazon.com
www.facebook.com,www.whatsapp.com
www.facebook.com,www.instagram.com
www.facebook.com,www.twitter.com
www.youtube.com,www.google.com
www.youtube.com,www.facebook.com
www.youtube.com,www.whatsapp.com
www.youtube.com,www.amazon.com
www.twitter.com,www.google.com
www.twitter.com,www.youtube.com
www.steam.com,www.rockstar.com
www.steam.com,www.bethesda.com
www.steam.com,www.ubisoft.com
www.steam.com,www.google.com
www.rockstar.com,www.steam.com
www.ubisoft.com,www.steam.com
www.bethesda.com,www.steam.com
www.whatsapp.com,www.facebook.com
www.whatsapp.com,www.google.com
www.whatsapp.com,www.instagram.com
www.whatsapp.com,www.youtube.com
www.instagram.com,www.facebook.com
www.instagram.com,www.google.com
www.instagram.com,www.youtube.com
www.google.com,www.bing.com
www.google.com,www.stackoverflow.com
www.google.com,www.geeksforgeeks.com
www.google.com,www.programiz.com
www.google.com,www.wikipedia.com
www.google.com,www.hbo.com
www.google.com,www.nbc.com
www.google.com,www.cbs.com
www.google.com,www.netflix.com
www.google.com,www.blackboard.com
www.google.com,www.auc.edu"
www.google.com,www.mit.edu"
www.google.com,www.guc.edu.eg
www.google.com,www.udemy.com
www.google.com,www.khanacademy.com
www.google.com,www.spacex.com
www.google.com,www.tesla.com
www.google.com,www.amazon.com
www.google.com,www.alibaba.com
www.google.com,www.ebay.com
www.google.com,www.facebook.com
www.google.com,www.youtube.com
www.google.com,www.twitter.com
www.google.com,www.steam.com
www.google.com,www.rockstar.com
www.google.com,www.ubisoft.com
www.google.com,www.bethesda.com
www.google.com,www.whatsapp.com
www.google.com,www.instagram.com
www.bing.com,www.google.com
www.bing.com,www.twitter.com
www.stackoverflow.com,www.geeksforgeeks.com
www.stackoverflow.com,www.programiz.com
www.geeksforgeeks.com,www.programiz.com
www.geeksforgeeks.com,www.stackoverflow.com
www.programiz.com,www.stackoverflow.com
www.programiz.com,www.geeksforgeeks.com
www.wikipedia.com,www.google.com
www.hbo.com,www.google.com
www.hbo.com,www.youtube.com
www.hbo.com,www.facebook.com
www.hbo.com,www.nbc.com
www.nbc.com,www.google.com
www.nbc.com,www.youtube.com
www.nbc.com,www.facebook.com
www.nbc.com,www.cbs.com
www.cbs.com,www.google.com
www.cbs.com,www.youtube.com
www.cbs.com,www.facebook.com
www.cbs.com,www.netflix.com
www.netflix.com,www.google.com
www.netflix.com,www.youtube.com
www.netflix.com,www.facebook.com
www.blackboard.com,www.auc.edu
www.blackboard.com,www.mit.edu
www.blackboard.com,www.guc.edu.eg
www.blackboard.com,www.google.com
www.auc.edu,www.blackboard.com
www.mit.edu,www.udemy.com
www.mit.edu,www.khanacademy.com
www.mit.edu,www.blackboard.com
www.guc.edu.eg,www.blackboard.com
www.udemy.com,www.google.com
www.udemy.com,www.khanacademy.com
www.khanacademy.com,www.udemy.com
www.spacex.com,www.tesla.com
www.tesla.com,www.google.com
www.tesla.com,www.spacex.com
